Model,Scene,LPIPS,Masked LPIPS,Masked PSNR,Masked SSIM,PSNR,SSIM
linprim,Barn,0.235889732837677,0.234151691198349,20.888797760009766,0.733197808265686,26.850767135620117,0.8407555818557739
linprim,bicycle,0.23526868224143982,0.2018585056066513,22.264631271362305,0.7171995639801025,24.660696029663086,0.7397040724754333
linprim,bonsai,0.19457371532917023,0.09046145528554916,26.162874221801758,0.9150091409683228,31.07020378112793,0.9356354475021362
linprim,Caterpillar,0.27861228585243225,0.334905743598938,19.37364387512207,0.6402800679206848,21.908796310424805,0.7568187713623047
linprim,counter,0.19119316339492798,0.14290814101696014,20.837520599365234,0.8171036839485168,28.407915115356445,0.9049277901649475
linprim,Courthouse,0.2943125069141388,0.42415696382522583,17.346330642700195,0.5415251851081848,21.340030670166016,0.776653528213501
linprim,flowers,0.3214915096759796,0.3426779508590698,19.21265411376953,0.5619401931762695,21.52843475341797,0.6106881499290466
linprim,garden,0.11947289109230042,0.13234642148017883,24.666353225708008,0.8313488960266113,26.768320083618164,0.8502176403999329
linprim,Ignatius,0.23929572105407715,0.2249763160943985,18.438278198242188,0.6845553517341614,20.852771759033203,0.7644174695014954
linprim,kitchen,0.12797772884368896,0.098641037940979,28.230493545532227,0.9234226942062378,29.93701934814453,0.9214518070220947
linprim,Meetingroom,0.23280291259288788,0.2107846736907959,17.89263916015625,0.7179728746414185,23.748920440673828,0.8597145676612854
linprim,room,0.21544994413852692,0.18999075889587402,24.131690979003906,0.818760871887207,29.963382720947266,0.9137168526649475
linprim,stump,0.24064992368221283,0.21955494582653046,23.19573211669922,0.7241196632385254,25.215608596801758,0.7322918176651001
linprim,treehill,0.34645840525627136,0.35359838604927063,18.895353317260742,0.520740270614624,21.82849884033203,0.6169822216033936
linprim,Truck,0.19937701523303986,0.17317642271518707,19.506336212158203,0.766646146774292,24.089635848999023,0.8593280911445618
linprim,average,0.23152174254258473,0.22494596093893052,21.402888615926106,0.7275881608327229,25.211400095621745,0.8055535872777303
beta_splatting,Barn,0.1931433379650116,0.16402864456176758,23.65946388244629,0.8250970840454102,30.059396743774414,0.8852344751358032
beta_splatting,bicycle,0.22522641718387604,0.2024657130241394,23.996875762939453,0.7930772304534912,27.18563461303711,0.8169512748718262
beta_splatting,bonsai,0.15906475484371185,0.05645979940891266,27.226919174194336,0.9442521929740906,34.26286697387695,0.9588825106620789
beta_splatting,Caterpillar,0.22057877480983734,0.25927284359931946,22.03304100036621,0.7523830533027649,25.695810317993164,0.8353810906410217
beta_splatting,counter,0.14794212579727173,0.09793733805418015,23.635427474975586,0.8915618658065796,32.226688385009766,0.9431968927383423
beta_splatting,Courthouse,0.25185325741767883,0.3530959486961365,19.06199836730957,0.6281560063362122,23.712915420532227,0.8170052170753479
beta_splatting,flowers,0.32810738682746887,0.33659353852272034,20.505573272705078,0.6244814395904541,23.642980575561523,0.6796892881393433
beta_splatting,garden,0.15330207347869873,0.16295494139194489,24.813722610473633,0.8354976773262024,28.00697135925293,0.8609347343444824
beta_splatting,Ignatius,0.21131108701229095,0.2057971954345703,21.458303451538086,0.7684339880943298,25.096445083618164,0.8324313759803772
beta_splatting,kitchen,0.10923774540424347,0.08257780224084854,30.290956497192383,0.9435498118400574,33.34763717651367,0.9448786973953247
beta_splatting,Meetingroom,0.19353792071342468,0.1702839434146881,20.549724578857422,0.8017839193344116,28.496597290039062,0.9120292067527771
beta_splatting,room,0.16417786478996277,0.1308692991733551,25.788484573364258,0.8776373267173767,34.27171325683594,0.9463526606559753
beta_splatting,stump,0.182778462767601,0.1353738158941269,26.20755386352539,0.8844268321990967,30.5172176361084,0.8829064965248108
beta_splatting,treehill,0.3213532865047455,0.36236539483070374,20.367820739746094,0.6214410066604614,25.267169952392578,0.7271363735198975
beta_splatting,Truck,0.16329944133758545,0.13830552995204926,21.80419158935547,0.8388196229934692,27.47321319580078,0.9003406763076782
beta_splatting,average,0.2016609291235606,0.19055878321329753,23.426670455932616,0.8020399371782939,28.617550532023113,0.8628900647163391
QGS,Barn,0.22068800032138824,0.23267017304897308,19.883358001708984,0.7302860021591187,25.94445037841797,0.8503893613815308
QGS,bicycle,0.3855045437812805,0.3816062808036804,20.538930892944336,0.5531641244888306,23.248851776123047,0.6120738387107849
QGS,bonsai,0.197892963886261,0.13551181554794312,24.903093338012695,0.8726232647895813,30.4299373626709,0.9247576594352722
QGS,Caterpillar,0.2783365249633789,0.3316039443016052,18.432859420776367,0.6200910210609436,21.31900405883789,0.7561022639274597
QGS,counter,0.22861149907112122,0.17500346899032593,20.907331466674805,0.7781103849411011,27.887468338012695,0.8758651614189148
QGS,Courthouse,0.31742095947265625,0.4435460865497589,16.65967559814453,0.5069713592529297,20.990053176879883,0.7698336243629456
QGS,flowers,0.5149545669555664,0.5991094708442688,16.576139450073242,0.30778950452804565,18.917991638183594,0.4174918830394745
QGS,garden,0.2941835820674896,0.2947898805141449,22.06658172607422,0.6808640360832214,24.5430850982666,0.7083443999290466
QGS,Ignatius,0.196003258228302,0.20277170836925507,19.138769149780273,0.7300249338150024,21.0199031829834,0.7770887613296509
QGS,kitchen,0.15852336585521698,0.12829968333244324,26.58808708190918,0.8815916776657104,29.281455993652344,0.8962023854255676
QGS,Meetingroom,0.25788354873657227,0.30530527234077454,16.9453125,0.6377431750297546,22.339479446411133,0.840333878993988
QGS,room,0.22321979701519012,0.21817263960838318,24.66423797607422,0.8016310930252075,30.68181037902832,0.9025241136550903
QGS,stump,0.36806803941726685,0.33378830552101135,21.818967819213867,0.6199078559875488,24.68504524230957,0.6535887122154236
QGS,treehill,0.4989606440067291,0.5487474799156189,18.39879608154297,0.3931049108505249,21.360618591308594,0.506553590297699
QGS,Truck,0.20470702648162842,0.23911575973033905,18.70301628112793,0.712272584438324,23.536182403564453,0.8470419645309448
QGS,average,0.2896638880173365,0.30466946462790173,20.415010452270508,0.6550783952077229,24.412355804443358,0.7558794399102529
3dcs,Barn,0.16376391053199768,0.13995343446731567,23.189382553100586,0.8133360743522644,29.16057014465332,0.8765620589256287
3dcs,bicycle,0.2175145000219345,0.2355610430240631,22.1966495513916,0.7021238803863525,24.676170349121094,0.7363832592964172
3dcs,bonsai,0.17954714596271515,0.08527330309152603,26.99830436706543,0.9252111315727234,32.55391311645508,0.9444883465766907
3dcs,Caterpillar,0.23890124261379242,0.2995494306087494,20.219593048095703,0.6814770102500916,23.395654678344727,0.7887884974479675
3dcs,counter,0.18090681731700897,0.1412138044834137,21.198808670043945,0.8217410445213318,29.05555534362793,0.9086434841156006
3dcs,Courthouse,0.24074354767799377,0.3322848975658417,18.814725875854492,0.6363054513931274,22.79035186767578,0.8088971376419067
3dcs,flowers,0.32221171259880066,0.3707282245159149,18.286558151245117,0.5116125345230103,20.455717086791992,0.5739333629608154
3dcs,garden,0.1129670962691307,0.12714241445064545,24.913589477539062,0.834071159362793,27.09023094177246,0.8507776856422424
3dcs,Ignatius,0.19910867512226105,0.20507197082042694,19.869089126586914,0.7127617597579956,22.823442459106445,0.7913867831230164
3dcs,kitchen,0.11642400175333023,0.09756443649530411,29.041170120239258,0.9268630146980286,31.828155517578125,0.9298398494720459
3dcs,Meetingroom,0.20709790289402008,0.18297728896141052,19.38374137878418,0.766533613204956,26.625131607055664,0.885402262210846
3dcs,room,0.19163276255130768,0.1618429273366928,25.16748809814453,0.84731525182724,31.597593307495117,0.9246598482131958
3dcs,stump,0.22834569215774536,0.22618913650512695,23.6051025390625,0.7326186895370483,26.046527862548828,0.7456187009811401
3dcs,treehill,0.3176354765892029,0.3402702808380127,18.952280044555664,0.5050064921379089,21.692289352416992,0.5944960713386536
3dcs,Truck,0.16811053454875946,0.16260962188243866,20.345008850097656,0.7853970527648926,25.659103393554688,0.8702277541160583
3dcs,average,0.20566073457400005,0.2072154810031255,22.14543279012044,0.7468249440193176,26.36336046854655,0.8153403401374817
radfoam,Barn,0.2722938060760498,0.31769225001335144,21.11492156982422,0.6867204308509827,27.041805267333984,0.8218278288841248
radfoam,bicycle,0.32993263006210327,0.31437304615974426,21.560405731201172,0.6458963751792908,24.223173141479492,0.6763536334037781
radfoam,bonsai,0.20221468806266785,0.10186202824115753,26.998525619506836,0.9131830334663391,32.17794418334961,0.9249391555786133
radfoam,Caterpillar,0.34579357504844666,0.40628716349601746,18.7603702545166,0.5698825120925903,21.845796585083008,0.7112069725990295
radfoam,counter,0.2194633036851883,0.1617181897163391,21.727596282958984,0.8070573210716248,28.53437042236328,0.8750388622283936
radfoam,Courthouse,0.302619069814682,0.3864952027797699,18.126419067382812,0.5891097187995911,21.65438461303711,0.7826491594314575
radfoam,flowers,0.3702847361564636,0.38617801666259766,18.994375228881836,0.5206430554389954,21.379777908325195,0.5719420909881592
radfoam,garden,0.1675262600183487,0.17684109508991241,24.148595809936523,0.7921350598335266,26.557952880859375,0.8102303147315979
radfoam,Ignatius,0.3398894965648651,0.366879940032959,18.28884506225586,0.5777124166488647,21.13548469543457,0.6950189471244812
radfoam,kitchen,0.1492169052362442,0.11621423810720444,28.466630935668945,0.9074828624725342,31.318775177001953,0.9067034125328064
radfoam,Meetingroom,0.2692367136478424,0.26829150319099426,18.381282806396484,0.7027861475944519,23.035938262939453,0.8272424936294556
radfoam,room,0.2244671732187271,0.20397360622882843,24.641586303710938,0.8179234266281128,30.56431770324707,0.8963006138801575
radfoam,stump,0.2918941378593445,0.27925044298171997,22.96468734741211,0.6948749423027039,25.40096664428711,0.7100713849067688
radfoam,treehill,0.3980720341205597,0.42135778069496155,19.13488006591797,0.4969772696495056,22.044883728027344,0.5935420989990234
radfoam,Truck,0.2772735059261322,0.3060455322265625,19.168437957763672,0.673946738243103,23.804733276367188,0.8133133053779602
radfoam,average,0.277345202366511,0.28089733570814135,21.498504002888996,0.6930887540181477,25.38135363260905,0.7744253516197205
triangle_splatting2,Barn,0.27856799960136414,0.2813214063644409,20.046600341796875,0.698515772819519,25.904287338256836,0.8163057565689087
triangle_splatting2,bicycle,0.35056620836257935,0.3439440131187439,20.654691696166992,0.6024156212806702,23.269990921020508,0.6479559540748596
triangle_splatting2,bonsai,0.25661030411720276,0.17748664319515228,24.654539108276367,0.8657447099685669,29.05521583557129,0.8959231972694397
triangle_splatting2,Caterpillar,0.3824763596057892,0.46059563755989075,18.041929244995117,0.5351909399032593,20.50898551940918,0.6828311085700989
triangle_splatting2,counter,0.23237036168575287,0.18097946047782898,20.184123992919922,0.7880207300186157,26.7314395904541,0.8738072514533997
triangle_splatting2,Courthouse,0.33264821767807007,0.4470134973526001,16.626434326171875,0.51849365234375,20.089876174926758,0.748203456401825
triangle_splatting2,flowers,0.38989704847335815,0.4209423363208771,17.53941535949707,0.460822194814682,19.72036361694336,0.5239582657814026
triangle_splatting2,garden,0.225471630692482,0.24567200243473053,22.867883682250977,0.7523797154426575,25.1151065826416,0.7790848612785339
triangle_splatting2,Ignatius,0.3688265085220337,0.38552001118659973,16.74546241760254,0.5562092661857605,19.371652603149414,0.6741818189620972
triangle_splatting2,kitchen,0.1751319020986557,0.13401560485363007,27.028554916381836,0.8965336680412292,28.004486083984375,0.8933998942375183
triangle_splatting2,Meetingroom,0.29801854491233826,0.28347575664520264,16.79584312438965,0.6623411774635315,22.873886108398438,0.8286563158035278
triangle_splatting2,room,0.2640874683856964,0.23409076035022736,23.11736297607422,0.7894479036331177,28.408565521240234,0.8774674534797668
triangle_splatting2,stump,0.3237404227256775,0.30067411065101624,22.31052589416504,0.6676397323608398,24.77086639404297,0.6881140470504761
triangle_splatting2,treehill,0.4170275032520294,0.44968488812446594,18.17334747314453,0.4529058039188385,21.027658462524414,0.5559841990470886
triangle_splatting2,Truck,0.2710776925086975,0.2828584909439087,17.954124450683594,0.6810189485549927,22.849258422851562,0.8102485537528992
triangle_splatting2,average,0.30443454484144844,0.30855164130528767,20.18272260030111,0.661845322450002,23.84677594502767,0.7530748089154561
2dgs,Barn,0.26992267370224,0.2729211449623108,20.542085647583008,0.7020707726478577,27.083925247192383,0.8301020264625549
2dgs,bicycle,0.2745908796787262,0.24755151569843292,22.149316787719727,0.7010284662246704,24.696504592895508,0.7312305569648743
2dgs,bonsai,0.22945962846279144,0.11581064015626907,25.85870933532715,0.9004942178726196,31.20986557006836,0.9288836121559143
2dgs,Caterpillar,0.3181877136230469,0.3508564233779907,19.026016235351562,0.5941261649131775,22.492834091186523,0.7425041198730469
2dgs,counter,0.23366783559322357,0.16067180037498474,20.402584075927734,0.793993353843689,28.047765731811523,0.8896432518959045
2dgs,Courthouse,0.3124571740627289,0.421568900346756,17.064001083374023,0.5377995371818542,21.425413131713867,0.782216489315033
2dgs,flowers,0.37938135862350464,0.4223310351371765,18.591148376464844,0.5034323334693909,21.067522048950195,0.5714056491851807
2dgs,garden,0.1550227850675583,0.15221956372261047,24.37953758239746,0.8209061622619629,26.60024070739746,0.8374446034431458
2dgs,Ignatius,0.2754216194152832,0.26484164595603943,18.897911071777344,0.6547954678535461,21.762386322021484,0.7570973038673401
2dgs,kitchen,0.14897382259368896,0.10861175507307053,27.80329704284668,0.9109987616539001,30.263671875,0.9137042164802551
2dgs,Meetingroom,0.26690104603767395,0.24227744340896606,18.75291633605957,0.6990165710449219,25.000667572021484,0.8611026406288147
2dgs,room,0.24635979533195496,0.19572091102600098,24.176164627075195,0.8124203085899353,30.58669090270996,0.904313325881958
2dgs,stump,0.26436519622802734,0.24131129682064056,23.50684356689453,0.7352725863456726,26.110305786132812,0.754364013671875
2dgs,treehill,0.3808530569076538,0.38658401370048523,19.017602920532227,0.5160725116729736,22.29220962524414,0.6160461902618408
2dgs,Truck,0.24248862266540527,0.18837498128414154,19.579776763916016,0.7409982681274414,24.674652099609375,0.8492380380630493
2dgs,average,0.2665368805329005,0.251443538069725,21.31652743021647,0.7082283655802409,25.554310353597007,0.7979530692100525
radegs,Barn,0.23281782865524292,0.19878330826759338,21.36377716064453,0.761897087097168,26.781330108642578,0.8586588501930237
radegs,bicycle,0.24303779006004333,0.22993893921375275,21.49234390258789,0.6856817603111267,24.505781173706055,0.7564547657966614
radegs,bonsai,0.07162171602249146,0.0450579859316349,27.373741149902344,0.94858717918396,30.249191284179688,0.9597052335739136
radegs,Caterpillar,0.2694219648838043,0.2945069968700409,18.78236198425293,0.6551992297172546,21.732254028320312,0.775037944316864
radegs,counter,0.10192353278398514,0.09154655784368515,24.350454330444336,0.8962944746017456,28.985456466674805,0.9279201626777649
radegs,Courthouse,0.33526527881622314,0.4417603313922882,16.037363052368164,0.4972516596317291,19.54209327697754,0.7528305649757385
radegs,flowers,0.3562169075012207,0.39479029178619385,17.693317413330078,0.4649169147014618,21.402393341064453,0.5941353440284729
radegs,garden,0.1610160917043686,0.14823342859745026,22.7751522064209,0.7871076464653015,26.08207893371582,0.8305084109306335
radegs,Ignatius,0.23719292879104614,0.22619350254535675,18.18419647216797,0.6790100932121277,20.74983024597168,0.7714223861694336
radegs,kitchen,0.061904117465019226,0.05707245692610741,29.349538803100586,0.955524206161499,31.024843215942383,0.952440083026886
radegs,Meetingroom,0.2397952526807785,0.2238728106021881,18.8165340423584,0.7175467610359192,25.212453842163086,0.8744414448738098
radegs,room,0.0972452163696289,0.08561632037162781,26.122249603271484,0.9104470610618591,30.03421974182129,0.9465987086296082
radegs,stump,0.2669331133365631,0.20396530628204346,22.936655044555664,0.7514209747314453,26.873489379882812,0.7940281629562378
radegs,treehill,0.3482478857040405,0.3780449628829956,18.02014923095703,0.4772576689720154,21.863704681396484,0.6397693157196045
radegs,Truck,0.2050565630197525,0.15930023789405823,19.41512107849121,0.7631134986877441,22.91338539123535,0.8653638362884521
radegs,average,0.21517974585294725,0.21191222916046779,21.514197031656902,0.7300837477048238,25.196833674112955,0.8199543476104736
