Model,Dataset,Scene,Metric,Standard Value,Masked Value,Difference
linprim,tnt,Barn,LPIPS,0.235889732837677,0.234151691198349,-0.001738041639328003
linprim,mp360,bicycle,LPIPS,0.2352686822414398,0.2018585056066513,-0.033410176634788485
linprim,mp360,bonsai,LPIPS,0.1945737153291702,0.0904614552855491,-0.1041122600436211
linprim,tnt,Caterpillar,LPIPS,0.2786122858524322,0.334905743598938,0.05629345774650579
linprim,mp360,counter,LPIPS,0.1911931633949279,0.1429081410169601,-0.04828502237796781
linprim,tnt,Courthouse,LPIPS,0.2943125069141388,0.4241569638252258,0.12984445691108698
linprim,mp360,flowers,LPIPS,0.3214915096759796,0.3426779508590698,0.02118644118309021
linprim,mp360,garden,LPIPS,0.1194728910923004,0.1323464214801788,0.012873530387878404
linprim,tnt,Ignatius,LPIPS,0.2392957210540771,0.2249763160943985,-0.014319404959678594
linprim,mp360,kitchen,LPIPS,0.1279777288436889,0.098641037940979,-0.029336690902709905
linprim,tnt,Meetingroom,LPIPS,0.2328029125928878,0.2107846736907959,-0.022018238902091897
linprim,mp360,room,LPIPS,0.2154499441385269,0.189990758895874,-0.025459185242652893
linprim,mp360,stump,LPIPS,0.2406499236822128,0.2195549458265304,-0.0210949778556824
linprim,mp360,treehill,LPIPS,0.3464584052562713,0.3535983860492706,0.007139980792999268
linprim,tnt,Truck,LPIPS,0.1993770152330398,0.173176422715187,-0.02620059251785281
beta_splatting,tnt,Barn,LPIPS,0.1931433379650116,0.1640286445617675,-0.029114693403244102
beta_splatting,mp360,bicycle,LPIPS,0.225226417183876,0.2024657130241394,-0.022760704159736606
beta_splatting,mp360,bonsai,LPIPS,0.1590647548437118,0.0564597994089126,-0.1026049554347992
beta_splatting,tnt,Caterpillar,LPIPS,0.2205787748098373,0.2592728435993194,0.03869406878948209
beta_splatting,mp360,counter,LPIPS,0.1479421257972717,0.0979373380541801,-0.0500047877430916
beta_splatting,tnt,Courthouse,LPIPS,0.2518532574176788,0.3530959486961365,0.1012426912784577
beta_splatting,mp360,flowers,LPIPS,0.3281073868274688,0.3365935385227203,0.008486151695251465
beta_splatting,mp360,garden,LPIPS,0.1533020734786987,0.1629549413919448,0.0096528679132461
beta_splatting,tnt,Ignatius,LPIPS,0.2113110870122909,0.2057971954345703,-0.005513891577720587
beta_splatting,mp360,kitchen,LPIPS,0.1092377454042434,0.0825778022408485,-0.0266599431633949
beta_splatting,tnt,Meetingroom,LPIPS,0.1935379207134246,0.1702839434146881,-0.02325397729873649
beta_splatting,mp360,room,LPIPS,0.1641778647899627,0.1308692991733551,-0.03330856561660761
beta_splatting,mp360,stump,LPIPS,0.182778462767601,0.1353738158941269,-0.04740464687347412
beta_splatting,mp360,treehill,LPIPS,0.3213532865047455,0.3623653948307037,0.041012108325958196
beta_splatting,tnt,Truck,LPIPS,0.1632994413375854,0.1383055299520492,-0.024993911385536194
QGS,tnt,Barn,LPIPS,0.2206880003213882,0.232670173048973,0.011982172727584811
QGS,mp360,bicycle,LPIPS,0.3855045437812805,0.3816062808036804,-0.0038982629776000977
QGS,mp360,bonsai,LPIPS,0.197892963886261,0.1355118155479431,-0.0623811483383179
QGS,tnt,Caterpillar,LPIPS,0.2783365249633789,0.3316039443016052,0.05326741933822632
QGS,mp360,counter,LPIPS,0.2286114990711212,0.1750034689903259,-0.05360803008079529
QGS,tnt,Courthouse,LPIPS,0.3174209594726562,0.4435460865497589,0.12612512707710272
QGS,mp360,flowers,LPIPS,0.5149545669555664,0.5991094708442688,0.08415490388870239
QGS,mp360,garden,LPIPS,0.2941835820674896,0.2947898805141449,0.0006062984466552734
QGS,tnt,Ignatius,LPIPS,0.196003258228302,0.202771708369255,0.0067684501409530085
QGS,mp360,kitchen,LPIPS,0.1585233658552169,0.1282996833324432,-0.030223682522773687
QGS,tnt,Meetingroom,LPIPS,0.2578835487365722,0.3053052723407745,0.04742172360420227
QGS,mp360,room,LPIPS,0.2232197970151901,0.2181726396083831,-0.005047157406807001
QGS,mp360,stump,LPIPS,0.3680680394172668,0.3337883055210113,-0.03427973389625549
QGS,mp360,treehill,LPIPS,0.4989606440067291,0.5487474799156189,0.04978683590888977
QGS,tnt,Truck,LPIPS,0.2047070264816284,0.239115759730339,0.034408733248710605
3dcs,tnt,Barn,LPIPS,0.1637639105319976,0.1399534344673156,-0.023810476064682007
3dcs,mp360,bicycle,LPIPS,0.2175145000219345,0.2355610430240631,0.0180465430021286
3dcs,mp360,bonsai,LPIPS,0.1795471459627151,0.085273303091526,-0.09427384287118909
3dcs,tnt,Caterpillar,LPIPS,0.2389012426137924,0.2995494306087494,0.060648187994957
3dcs,mp360,counter,LPIPS,0.1809068173170089,0.1412138044834137,-0.03969301283359519
3dcs,tnt,Courthouse,LPIPS,0.2407435476779937,0.3322848975658417,0.09154134988784798
3dcs,mp360,flowers,LPIPS,0.3222117125988006,0.3707282245159149,0.04851651191711431
3dcs,mp360,garden,LPIPS,0.1129670962691307,0.1271424144506454,0.014175318181514684
3dcs,tnt,Ignatius,LPIPS,0.199108675122261,0.2050719708204269,0.005963295698165921
3dcs,mp360,kitchen,LPIPS,0.1164240017533302,0.0975644364953041,-0.01885956525802611
3dcs,tnt,Meetingroom,LPIPS,0.20709790289402,0.1829772889614105,-0.024120613932609503
3dcs,mp360,room,LPIPS,0.1916327625513076,0.1618429273366928,-0.029789835214614785
3dcs,mp360,stump,LPIPS,0.2283456921577453,0.2261891365051269,-0.002156555652618408
3dcs,mp360,treehill,LPIPS,0.3176354765892029,0.3402702808380127,0.022634804248809814
3dcs,tnt,Truck,LPIPS,0.1681105345487594,0.1626096218824386,-0.005500912666320801
radfoam,tnt,Barn,LPIPS,0.2722938060760498,0.3176922500133514,0.04539844393730158
radfoam,mp360,bicycle,LPIPS,0.3299326300621032,0.3143730461597442,-0.015559583902359009
radfoam,mp360,bonsai,LPIPS,0.2022146880626678,0.1018620282411575,-0.10035265982151029
radfoam,tnt,Caterpillar,LPIPS,0.3457935750484466,0.4062871634960174,0.0604935884475708
radfoam,mp360,counter,LPIPS,0.2194633036851883,0.1617181897163391,-0.05774511396884918
radfoam,tnt,Courthouse,LPIPS,0.302619069814682,0.3864952027797699,0.08387613296508789
radfoam,mp360,flowers,LPIPS,0.3702847361564636,0.3861780166625976,0.015893280506133978
radfoam,mp360,garden,LPIPS,0.1675262600183487,0.1768410950899124,0.009314835071563693
radfoam,tnt,Ignatius,LPIPS,0.3398894965648651,0.366879940032959,0.026990443468093872
radfoam,mp360,kitchen,LPIPS,0.1492169052362442,0.1162142381072044,-0.033002667129039806
radfoam,tnt,Meetingroom,LPIPS,0.2692367136478424,0.2682915031909942,-0.0009452104568482
radfoam,mp360,room,LPIPS,0.2244671732187271,0.2039736062288284,-0.02049356698989871
radfoam,mp360,stump,LPIPS,0.2918941378593445,0.2792504429817199,-0.012643694877624567
radfoam,mp360,treehill,LPIPS,0.3980720341205597,0.4213577806949615,0.0232857465744018
radfoam,tnt,Truck,LPIPS,0.2772735059261322,0.3060455322265625,0.028772026300430298
triangle_splatting2,tnt,Barn,LPIPS,0.2785679996013641,0.2813214063644409,0.0027534067630768377
triangle_splatting2,mp360,bicycle,LPIPS,0.3505662083625793,0.3439440131187439,-0.006622195243835394
triangle_splatting2,mp360,bonsai,LPIPS,0.2566103041172027,0.1774866431951522,-0.0791236609220505
triangle_splatting2,tnt,Caterpillar,LPIPS,0.3824763596057892,0.4605956375598907,0.07811927795410151
triangle_splatting2,mp360,counter,LPIPS,0.2323703616857528,0.1809794604778289,-0.05139090120792392
triangle_splatting2,tnt,Courthouse,LPIPS,0.33264821767807,0.4470134973526001,0.11436527967453008
triangle_splatting2,mp360,flowers,LPIPS,0.3898970484733581,0.4209423363208771,0.031045287847518976
triangle_splatting2,mp360,garden,LPIPS,0.225471630692482,0.2456720024347305,0.020200371742248507
triangle_splatting2,tnt,Ignatius,LPIPS,0.3688265085220337,0.3855200111865997,0.016693502664565985
triangle_splatting2,mp360,kitchen,LPIPS,0.1751319020986557,0.13401560485363,-0.04111629724502569
triangle_splatting2,tnt,Meetingroom,LPIPS,0.2980185449123382,0.2834757566452026,-0.01454278826713562
triangle_splatting2,mp360,room,LPIPS,0.2640874683856964,0.2340907603502273,-0.02999670803546911
triangle_splatting2,mp360,stump,LPIPS,0.3237404227256775,0.3006741106510162,-0.02306631207466131
triangle_splatting2,mp360,treehill,LPIPS,0.4170275032520294,0.4496848881244659,0.03265738487243647
triangle_splatting2,tnt,Truck,LPIPS,0.2710776925086975,0.2828584909439087,0.011780798435211182
2dgs,tnt,Barn,LPIPS,0.26992267370224,0.2729211449623108,0.0029984712600708008
2dgs,mp360,bicycle,LPIPS,0.2745908796787262,0.2475515156984329,-0.0270393639802933
2dgs,mp360,bonsai,LPIPS,0.2294596284627914,0.115810640156269,-0.11364898830652238
2dgs,tnt,Caterpillar,LPIPS,0.3181877136230469,0.3508564233779907,0.03266870975494385
2dgs,mp360,counter,LPIPS,0.2336678355932235,0.1606718003749847,-0.07299603521823878
2dgs,tnt,Courthouse,LPIPS,0.3124571740627289,0.421568900346756,0.1091117262840271
2dgs,mp360,flowers,LPIPS,0.3793813586235046,0.4223310351371765,0.04294967651367193
2dgs,mp360,garden,LPIPS,0.1550227850675583,0.1522195637226104,-0.002803221344947898
2dgs,tnt,Ignatius,LPIPS,0.2754216194152832,0.2648416459560394,-0.01057997345924383
2dgs,mp360,kitchen,LPIPS,0.1489738225936889,0.1086117550730705,-0.04036206752061841
2dgs,tnt,Meetingroom,LPIPS,0.2669010460376739,0.242277443408966,-0.024623602628707886
2dgs,mp360,room,LPIPS,0.2463597953319549,0.1957209110260009,-0.05063888430595401
2dgs,mp360,stump,LPIPS,0.2643651962280273,0.2413112968206405,-0.02305389940738678
2dgs,mp360,treehill,LPIPS,0.3808530569076538,0.3865840137004852,0.005730956792831365
2dgs,tnt,Truck,LPIPS,0.2424886226654052,0.1883749812841415,-0.05411364138126368
radegs,tnt,Barn,LPIPS,0.2328178286552429,0.1987833082675933,-0.03403452038764959
radegs,mp360,bicycle,LPIPS,0.2430377900600433,0.2299389392137527,-0.013098850846290616
radegs,mp360,bonsai,LPIPS,0.0716217160224914,0.0450579859316349,-0.026563730090856497
radegs,tnt,Caterpillar,LPIPS,0.2694219648838043,0.2945069968700409,0.025085031986236572
radegs,mp360,counter,LPIPS,0.1019235327839851,0.0915465578436851,-0.010376974940300002
radegs,tnt,Courthouse,LPIPS,0.3352652788162231,0.4417603313922882,0.10649505257606512
radegs,mp360,flowers,LPIPS,0.3562169075012207,0.3947902917861938,0.03857338428497309
radegs,mp360,garden,LPIPS,0.1610160917043686,0.1482334285974502,-0.01278266310691839
radegs,tnt,Ignatius,LPIPS,0.2371929287910461,0.2261935025453567,-0.010999426245689392
radegs,mp360,kitchen,LPIPS,0.0619041174650192,0.0570724569261074,-0.004831660538911799
radegs,tnt,Meetingroom,LPIPS,0.2397952526807785,0.2238728106021881,-0.015922442078590393
radegs,mp360,room,LPIPS,0.0972452163696289,0.0856163203716278,-0.011628895998001113
radegs,mp360,stump,LPIPS,0.2669331133365631,0.2039653062820434,-0.06296780705451971
radegs,mp360,treehill,LPIPS,0.3482478857040405,0.3780449628829956,0.029797077178955078
radegs,tnt,Truck,LPIPS,0.2050565630197525,0.1593002378940582,-0.0457563251256943
linprim,tnt,Barn,PSNR,26.85076713562012,20.88879776000977,5.961969375610352
linprim,mp360,bicycle,PSNR,24.66069602966309,22.264631271362305,2.396064758300785
linprim,mp360,bonsai,PSNR,31.07020378112793,26.16287422180176,4.907329559326168
linprim,tnt,Caterpillar,PSNR,21.908796310424805,19.37364387512207,2.5351524353027344
linprim,mp360,counter,PSNR,28.407915115356445,20.837520599365234,7.570394515991211
linprim,tnt,Courthouse,PSNR,21.340030670166016,17.346330642700195,3.9937000274658203
linprim,mp360,flowers,PSNR,21.52843475341797,19.21265411376953,2.3157806396484375
linprim,mp360,garden,PSNR,26.768320083618164,24.666353225708008,2.1019668579101562
linprim,tnt,Ignatius,PSNR,20.852771759033203,18.438278198242188,2.4144935607910156
linprim,mp360,kitchen,PSNR,29.93701934814453,28.230493545532227,1.7065258026123047
linprim,tnt,Meetingroom,PSNR,23.748920440673828,17.89263916015625,5.856281280517578
linprim,mp360,room,PSNR,29.963382720947266,24.131690979003903,5.831691741943363
linprim,mp360,stump,PSNR,25.21560859680176,23.19573211669922,2.0198764801025426
linprim,mp360,treehill,PSNR,21.82849884033203,18.895353317260746,2.9331455230712855
linprim,tnt,Truck,PSNR,24.089635848999023,19.506336212158203,4.58329963684082
beta_splatting,tnt,Barn,PSNR,30.05939674377441,23.65946388244629,6.3999328613281214
beta_splatting,mp360,bicycle,PSNR,27.18563461303711,23.996875762939453,3.1887588500976562
beta_splatting,mp360,bonsai,PSNR,34.26286697387695,27.226919174194336,7.035947799682617
beta_splatting,tnt,Caterpillar,PSNR,25.695810317993164,22.03304100036621,3.662769317626953
beta_splatting,mp360,counter,PSNR,32.226688385009766,23.635427474975582,8.591260910034183
beta_splatting,tnt,Courthouse,PSNR,23.712915420532227,19.06199836730957,4.650917053222656
beta_splatting,mp360,flowers,PSNR,23.642980575561523,20.50557327270508,3.1374073028564418
beta_splatting,mp360,garden,PSNR,28.00697135925293,24.813722610473636,3.1932487487792933
beta_splatting,tnt,Ignatius,PSNR,25.096445083618164,21.45830345153809,3.6381416320800746
beta_splatting,mp360,kitchen,PSNR,33.34763717651367,30.290956497192383,3.056680679321289
beta_splatting,tnt,Meetingroom,PSNR,28.496597290039062,20.549724578857425,7.946872711181637
beta_splatting,mp360,room,PSNR,34.27171325683594,25.788484573364254,8.483228683471683
beta_splatting,mp360,stump,PSNR,30.5172176361084,26.20755386352539,4.309663772583008
beta_splatting,mp360,treehill,PSNR,25.267169952392575,20.367820739746094,4.899349212646481
beta_splatting,tnt,Truck,PSNR,27.47321319580078,21.80419158935547,5.6690216064453125
QGS,tnt,Barn,PSNR,25.94445037841797,19.883358001708984,6.061092376708984
QGS,mp360,bicycle,PSNR,23.248851776123047,20.538930892944336,2.709920883178711
QGS,mp360,bonsai,PSNR,30.4299373626709,24.90309333801269,5.526844024658207
QGS,tnt,Caterpillar,PSNR,21.31900405883789,18.432859420776367,2.8861446380615234
QGS,mp360,counter,PSNR,27.88746833801269,20.907331466674805,6.980136871337887
QGS,tnt,Courthouse,PSNR,20.990053176879883,16.65967559814453,4.330377578735352
QGS,mp360,flowers,PSNR,18.917991638183597,16.576139450073242,2.341852188110355
QGS,mp360,garden,PSNR,24.5430850982666,22.06658172607422,2.476503372192383
QGS,tnt,Ignatius,PSNR,21.0199031829834,19.138769149780277,1.8811340332031214
QGS,mp360,kitchen,PSNR,29.281455993652344,26.58808708190918,2.693368911743164
QGS,tnt,Meetingroom,PSNR,22.339479446411133,16.9453125,5.394166946411133
QGS,mp360,room,PSNR,30.68181037902832,24.66423797607422,6.017572402954102
QGS,mp360,stump,PSNR,24.68504524230957,21.818967819213867,2.866077423095703
QGS,mp360,treehill,PSNR,21.360618591308597,18.39879608154297,2.9618225097656286
QGS,tnt,Truck,PSNR,23.536182403564453,18.70301628112793,4.833166122436523
3dcs,tnt,Barn,PSNR,29.16057014465332,23.189382553100582,5.971187591552738
3dcs,mp360,bicycle,PSNR,24.676170349121094,22.1966495513916,2.479520797729492
3dcs,mp360,bonsai,PSNR,32.55391311645508,26.99830436706543,5.555608749389648
3dcs,tnt,Caterpillar,PSNR,23.395654678344727,20.219593048095703,3.1760616302490234
3dcs,mp360,counter,PSNR,29.05555534362793,21.198808670043945,7.856746673583984
3dcs,tnt,Courthouse,PSNR,22.79035186767578,18.81472587585449,3.9756259918212926
3dcs,mp360,flowers,PSNR,20.455717086791992,18.28655815124512,2.1691589355468714
3dcs,mp360,garden,PSNR,27.09023094177246,24.913589477539062,2.1766414642333984
3dcs,tnt,Ignatius,PSNR,22.823442459106445,19.869089126586918,2.9543533325195277
3dcs,mp360,kitchen,PSNR,31.828155517578125,29.041170120239254,2.7869853973388707
3dcs,tnt,Meetingroom,PSNR,26.625131607055664,19.38374137878418,7.241390228271484
3dcs,mp360,room,PSNR,31.59759330749512,25.16748809814453,6.4301052093505895
3dcs,mp360,stump,PSNR,26.046527862548828,23.6051025390625,2.441425323486328
3dcs,mp360,treehill,PSNR,21.692289352416992,18.952280044555664,2.740009307861328
3dcs,tnt,Truck,PSNR,25.659103393554688,20.345008850097656,5.314094543457031
radfoam,tnt,Barn,PSNR,27.041805267333984,21.11492156982422,5.926883697509766
radfoam,mp360,bicycle,PSNR,24.22317314147949,21.56040573120117,2.6627674102783203
radfoam,mp360,bonsai,PSNR,32.17794418334961,26.99852561950684,5.17941856384277
radfoam,tnt,Caterpillar,PSNR,21.845796585083008,18.7603702545166,3.0854263305664062
radfoam,mp360,counter,PSNR,28.53437042236328,21.727596282958984,6.806774139404297
radfoam,tnt,Courthouse,PSNR,21.65438461303711,18.12641906738281,3.5279655456543004
radfoam,mp360,flowers,PSNR,21.379777908325195,18.99437522888184,2.385402679443356
radfoam,mp360,garden,PSNR,26.55795288085937,24.148595809936523,2.409357070922848
radfoam,tnt,Ignatius,PSNR,21.13548469543457,18.28884506225586,2.846639633178711
radfoam,mp360,kitchen,PSNR,31.318775177001957,28.466630935668945,2.8521442413330114
radfoam,tnt,Meetingroom,PSNR,23.035938262939453,18.381282806396484,4.654655456542969
radfoam,mp360,room,PSNR,30.56431770324707,24.641586303710938,5.922731399536133
radfoam,mp360,stump,PSNR,25.40096664428711,22.96468734741211,2.436279296875
radfoam,mp360,treehill,PSNR,22.044883728027344,19.13488006591797,2.910003662109375
radfoam,tnt,Truck,PSNR,23.804733276367188,19.168437957763672,4.636295318603516
triangle_splatting2,tnt,Barn,PSNR,25.90428733825684,20.046600341796875,5.8576869964599645
triangle_splatting2,mp360,bicycle,PSNR,23.269990921020508,20.654691696166992,2.6152992248535156
triangle_splatting2,mp360,bonsai,PSNR,29.05521583557129,24.654539108276367,4.400676727294922
triangle_splatting2,tnt,Caterpillar,PSNR,20.50898551940918,18.04192924499512,2.467056274414059
triangle_splatting2,mp360,counter,PSNR,26.7314395904541,20.18412399291992,6.547315597534183
triangle_splatting2,tnt,Courthouse,PSNR,20.08987617492676,16.626434326171875,3.4634418487548864
triangle_splatting2,mp360,flowers,PSNR,19.72036361694336,17.53941535949707,2.180948257446289
triangle_splatting2,mp360,garden,PSNR,25.1151065826416,22.867883682250977,2.247222900390625
triangle_splatting2,tnt,Ignatius,PSNR,19.37165260314941,16.74546241760254,2.6261901855468714
triangle_splatting2,mp360,kitchen,PSNR,28.00448608398437,27.02855491638184,0.975931167602532
triangle_splatting2,tnt,Meetingroom,PSNR,22.87388610839844,16.79584312438965,6.078042984008793
triangle_splatting2,mp360,room,PSNR,28.408565521240234,23.11736297607422,5.291202545166016
triangle_splatting2,mp360,stump,PSNR,24.77086639404297,22.31052589416504,2.4603404998779297
triangle_splatting2,mp360,treehill,PSNR,21.02765846252441,18.17334747314453,2.8543109893798793
triangle_splatting2,tnt,Truck,PSNR,22.84925842285156,17.954124450683594,4.895133972167965
2dgs,tnt,Barn,PSNR,27.083925247192383,20.542085647583008,6.541839599609375
2dgs,mp360,bicycle,PSNR,24.696504592895508,22.149316787719727,2.5471878051757812
2dgs,mp360,bonsai,PSNR,31.20986557006836,25.85870933532715,5.351156234741211
2dgs,tnt,Caterpillar,PSNR,22.492834091186523,19.02601623535156,3.4668178558349645
2dgs,mp360,counter,PSNR,28.047765731811523,20.40258407592773,7.645181655883793
2dgs,tnt,Courthouse,PSNR,21.425413131713867,17.064001083374023,4.361412048339844
2dgs,mp360,flowers,PSNR,21.067522048950195,18.591148376464844,2.4763736724853516
2dgs,mp360,garden,PSNR,26.60024070739746,24.37953758239746,2.220703125
2dgs,tnt,Ignatius,PSNR,21.762386322021484,18.897911071777344,2.8644752502441406
2dgs,mp360,kitchen,PSNR,30.263671875,27.80329704284668,2.4603748321533203
2dgs,tnt,Meetingroom,PSNR,25.000667572021484,18.75291633605957,6.247751235961914
2dgs,mp360,room,PSNR,30.58669090270996,24.176164627075195,6.410526275634766
2dgs,mp360,stump,PSNR,26.11030578613281,23.50684356689453,2.6034622192382777
2dgs,mp360,treehill,PSNR,22.29220962524414,19.017602920532227,3.274606704711914
2dgs,tnt,Truck,PSNR,24.67465209960937,19.579776763916016,5.094875335693356
radegs,tnt,Barn,PSNR,26.781330108642575,21.36377716064453,5.417552947998043
radegs,mp360,bicycle,PSNR,24.50578117370605,21.49234390258789,3.0134372711181605
radegs,mp360,bonsai,PSNR,30.249191284179688,27.373741149902344,2.8754501342773438
radegs,tnt,Caterpillar,PSNR,21.732254028320312,18.78236198425293,2.949892044067383
radegs,mp360,counter,PSNR,28.985456466674805,24.350454330444336,4.635002136230469
radegs,tnt,Courthouse,PSNR,19.54209327697754,16.037363052368164,3.504730224609375
radegs,mp360,flowers,PSNR,21.402393341064453,17.693317413330078,3.709075927734375
radegs,mp360,garden,PSNR,26.08207893371582,22.7751522064209,3.306926727294922
radegs,tnt,Ignatius,PSNR,20.74983024597168,18.18419647216797,2.565633773803711
radegs,mp360,kitchen,PSNR,31.024843215942383,29.349538803100582,1.6753044128418004
radegs,tnt,Meetingroom,PSNR,25.21245384216309,18.8165340423584,6.395919799804691
radegs,mp360,room,PSNR,30.03421974182129,26.122249603271484,3.9119701385498047
radegs,mp360,stump,PSNR,26.87348937988281,22.936655044555664,3.936834335327145
radegs,mp360,treehill,PSNR,21.863704681396484,18.02014923095703,3.843555450439453
radegs,tnt,Truck,PSNR,22.91338539123535,19.41512107849121,3.4982643127441406
linprim,tnt,Barn,SSIM,0.8407555818557739,0.733197808265686,0.10755777359008789
linprim,mp360,bicycle,SSIM,0.7397040724754333,0.7171995639801025,0.02250450849533081
linprim,mp360,bonsai,SSIM,0.9356354475021362,0.9150091409683228,0.020626306533813477
linprim,tnt,Caterpillar,SSIM,0.7568187713623047,0.6402800679206848,0.11653870344161987
linprim,mp360,counter,SSIM,0.9049277901649476,0.8171036839485168,0.08782410621643078
linprim,tnt,Courthouse,SSIM,0.776653528213501,0.5415251851081848,0.23512834310531616
linprim,mp360,flowers,SSIM,0.6106881499290466,0.5619401931762695,0.0487479567527771
linprim,mp360,garden,SSIM,0.8502176403999329,0.8313488960266113,0.018868744373321533
linprim,tnt,Ignatius,SSIM,0.7644174695014954,0.6845553517341614,0.07986211776733398
linprim,mp360,kitchen,SSIM,0.9214518070220948,0.9234226942062378,-0.0019708871841429554
linprim,tnt,Meetingroom,SSIM,0.8597145676612854,0.7179728746414185,0.14174169301986694
linprim,mp360,room,SSIM,0.9137168526649476,0.818760871887207,0.09495598077774059
linprim,mp360,stump,SSIM,0.7322918176651001,0.7241196632385254,0.008172154426574707
linprim,mp360,treehill,SSIM,0.6169822216033936,0.520740270614624,0.09624195098876953
linprim,tnt,Truck,SSIM,0.8593280911445618,0.766646146774292,0.09268194437026978
beta_splatting,tnt,Barn,SSIM,0.8852344751358032,0.8250970840454102,0.060137391090393066
beta_splatting,mp360,bicycle,SSIM,0.8169512748718262,0.7930772304534912,0.02387404441833496
beta_splatting,mp360,bonsai,SSIM,0.9588825106620787,0.9442521929740906,0.01463031768798817
beta_splatting,tnt,Caterpillar,SSIM,0.8353810906410217,0.7523830533027649,0.08299803733825684
beta_splatting,mp360,counter,SSIM,0.9431968927383424,0.8915618658065796,0.051635026931762806
beta_splatting,tnt,Courthouse,SSIM,0.8170052170753479,0.6281560063362122,0.18884921073913574
beta_splatting,mp360,flowers,SSIM,0.6796892881393433,0.6244814395904541,0.05520784854888916
beta_splatting,mp360,garden,SSIM,0.8609347343444824,0.8354976773262024,0.02543705701828003
beta_splatting,tnt,Ignatius,SSIM,0.8324313759803772,0.7684339880943298,0.06399738788604736
beta_splatting,mp360,kitchen,SSIM,0.9448786973953248,0.9435498118400574,0.001328885555267445
beta_splatting,tnt,Meetingroom,SSIM,0.9120292067527772,0.8017839193344116,0.11024528741836559
beta_splatting,mp360,room,SSIM,0.9463526606559752,0.8776373267173767,0.06871533393859852
beta_splatting,mp360,stump,SSIM,0.8829064965248108,0.8844268321990967,-0.0015203356742858887
beta_splatting,mp360,treehill,SSIM,0.7271363735198975,0.6214410066604614,0.10569536685943604
beta_splatting,tnt,Truck,SSIM,0.9003406763076782,0.8388196229934692,0.061521053314208984
QGS,tnt,Barn,SSIM,0.8503893613815308,0.7302860021591187,0.12010335922241211
QGS,mp360,bicycle,SSIM,0.6120738387107849,0.5531641244888306,0.058909714221954346
QGS,mp360,bonsai,SSIM,0.9247576594352722,0.8726232647895813,0.05213439464569092
QGS,tnt,Caterpillar,SSIM,0.7561022639274597,0.6200910210609436,0.1360112428665161
QGS,mp360,counter,SSIM,0.8758651614189148,0.7781103849411011,0.09775477647781372
QGS,tnt,Courthouse,SSIM,0.7698336243629456,0.5069713592529297,0.26286226511001587
QGS,mp360,flowers,SSIM,0.4174918830394745,0.3077895045280456,0.10970237851142889
QGS,mp360,garden,SSIM,0.7083443999290466,0.6808640360832214,0.027480363845825195
QGS,tnt,Ignatius,SSIM,0.7770887613296509,0.7300249338150024,0.04706382751464844
QGS,mp360,kitchen,SSIM,0.8962023854255676,0.8815916776657104,0.014610707759857178
QGS,tnt,Meetingroom,SSIM,0.840333878993988,0.6377431750297546,0.2025907039642334
QGS,mp360,room,SSIM,0.9025241136550904,0.8016310930252075,0.10089302062988292
QGS,mp360,stump,SSIM,0.6535887122154236,0.6199078559875488,0.033680856227874756
QGS,mp360,treehill,SSIM,0.506553590297699,0.3931049108505249,0.11344867944717407
QGS,tnt,Truck,SSIM,0.8470419645309448,0.712272584438324,0.13476938009262085
3dcs,tnt,Barn,SSIM,0.8765620589256287,0.8133360743522644,0.06322598457336426
3dcs,mp360,bicycle,SSIM,0.7363832592964172,0.7021238803863525,0.0342593789100647
3dcs,mp360,bonsai,SSIM,0.9444883465766908,0.9252111315727234,0.019277215003967396
3dcs,tnt,Caterpillar,SSIM,0.7887884974479675,0.6814770102500916,0.10731148719787598
3dcs,mp360,counter,SSIM,0.9086434841156006,0.8217410445213318,0.0869024395942688
3dcs,tnt,Courthouse,SSIM,0.8088971376419067,0.6363054513931274,0.1725916862487793
3dcs,mp360,flowers,SSIM,0.5739333629608154,0.5116125345230103,0.062320828437805176
3dcs,mp360,garden,SSIM,0.8507776856422424,0.834071159362793,0.016706526279449463
3dcs,tnt,Ignatius,SSIM,0.7913867831230164,0.7127617597579956,0.07862502336502075
3dcs,mp360,kitchen,SSIM,0.929839849472046,0.9268630146980286,0.002976834774017445
3dcs,tnt,Meetingroom,SSIM,0.885402262210846,0.766533613204956,0.11886864900588989
3dcs,mp360,room,SSIM,0.9246598482131958,0.84731525182724,0.07734459638595581
3dcs,mp360,stump,SSIM,0.7456187009811401,0.7326186895370483,0.013000011444091797
3dcs,mp360,treehill,SSIM,0.5944960713386536,0.5050064921379089,0.08948957920074463
3dcs,tnt,Truck,SSIM,0.8702277541160583,0.7853970527648926,0.08483070135116577
radfoam,tnt,Barn,SSIM,0.8218278288841248,0.6867204308509827,0.1351073980331421
radfoam,mp360,bicycle,SSIM,0.6763536334037781,0.6458963751792908,0.030457258224487305
radfoam,mp360,bonsai,SSIM,0.9249391555786132,0.9131830334663392,0.011756122112273948
radfoam,tnt,Caterpillar,SSIM,0.7112069725990295,0.5698825120925903,0.1413244605064392
radfoam,mp360,counter,SSIM,0.8750388622283936,0.8070573210716248,0.0679815411567688
radfoam,tnt,Courthouse,SSIM,0.7826491594314575,0.5891097187995911,0.19353944063186646
radfoam,mp360,flowers,SSIM,0.5719420909881592,0.5206430554389954,0.05129903554916382
radfoam,mp360,garden,SSIM,0.8102303147315979,0.7921350598335266,0.01809525489807129
radfoam,tnt,Ignatius,SSIM,0.6950189471244812,0.5777124166488647,0.11730653047561646
radfoam,mp360,kitchen,SSIM,0.9067034125328064,0.9074828624725342,-0.0007794499397277832
radfoam,tnt,Meetingroom,SSIM,0.8272424936294556,0.7027861475944519,0.12445634603500366
radfoam,mp360,room,SSIM,0.8963006138801575,0.8179234266281128,0.07837718725204468
radfoam,mp360,stump,SSIM,0.7100713849067688,0.6948749423027039,0.015196442604064941
radfoam,mp360,treehill,SSIM,0.5935420989990234,0.4969772696495056,0.09656482934951782
radfoam,tnt,Truck,SSIM,0.8133133053779602,0.673946738243103,0.13936656713485718
triangle_splatting2,tnt,Barn,SSIM,0.8163057565689087,0.698515772819519,0.11778998374938965
triangle_splatting2,mp360,bicycle,SSIM,0.6479559540748596,0.6024156212806702,0.04554033279418945
triangle_splatting2,mp360,bonsai,SSIM,0.8959231972694397,0.8657447099685669,0.030178487300872803
triangle_splatting2,tnt,Caterpillar,SSIM,0.6828311085700989,0.5351909399032593,0.1476401686668396
triangle_splatting2,mp360,counter,SSIM,0.8738072514533997,0.7880207300186157,0.08578652143478394
triangle_splatting2,tnt,Courthouse,SSIM,0.748203456401825,0.51849365234375,0.22970980405807495
triangle_splatting2,mp360,flowers,SSIM,0.5239582657814026,0.460822194814682,0.06313607096672058
triangle_splatting2,mp360,garden,SSIM,0.7790848612785339,0.7523797154426575,0.026705145835876465
triangle_splatting2,tnt,Ignatius,SSIM,0.6741818189620972,0.5562092661857605,0.11797255277633667
triangle_splatting2,mp360,kitchen,SSIM,0.8933998942375183,0.8965336680412292,-0.0031337738037109375
triangle_splatting2,tnt,Meetingroom,SSIM,0.8286563158035278,0.6623411774635315,0.16631513833999634
triangle_splatting2,mp360,room,SSIM,0.8774674534797668,0.7894479036331177,0.08801954984664917
triangle_splatting2,mp360,stump,SSIM,0.6881140470504761,0.6676397323608398,0.02047431468963623
triangle_splatting2,mp360,treehill,SSIM,0.5559841990470886,0.4529058039188385,0.10307839512825012
triangle_splatting2,tnt,Truck,SSIM,0.8102485537528992,0.6810189485549927,0.1292296051979065
2dgs,tnt,Barn,SSIM,0.8301020264625549,0.7020707726478577,0.12803125381469727
2dgs,mp360,bicycle,SSIM,0.7312305569648743,0.7010284662246704,0.030202090740203857
2dgs,mp360,bonsai,SSIM,0.9288836121559144,0.9004942178726196,0.02838939428329479
2dgs,tnt,Caterpillar,SSIM,0.7425041198730469,0.5941261649131775,0.14837795495986938
2dgs,mp360,counter,SSIM,0.8896432518959045,0.793993353843689,0.09564989805221558
2dgs,tnt,Courthouse,SSIM,0.782216489315033,0.5377995371818542,0.2444169521331787
2dgs,mp360,flowers,SSIM,0.5714056491851807,0.5034323334693909,0.0679733157157898
2dgs,mp360,garden,SSIM,0.8374446034431458,0.8209061622619629,0.01653844118118286
2dgs,tnt,Ignatius,SSIM,0.7570973038673401,0.6547954678535461,0.10230183601379395
2dgs,mp360,kitchen,SSIM,0.9137042164802552,0.9109987616539,0.0027054548263552025
2dgs,tnt,Meetingroom,SSIM,0.8611026406288147,0.6990165710449219,0.16208606958389282
2dgs,mp360,room,SSIM,0.904313325881958,0.8124203085899353,0.0918930172920227
2dgs,mp360,stump,SSIM,0.754364013671875,0.7352725863456726,0.019091427326202393
2dgs,mp360,treehill,SSIM,0.6160461902618408,0.5160725116729736,0.09997367858886719
2dgs,tnt,Truck,SSIM,0.8492380380630493,0.7409982681274414,0.10823976993560791
radegs,tnt,Barn,SSIM,0.8586588501930237,0.761897087097168,0.09676176309585571
radegs,mp360,bicycle,SSIM,0.7564547657966614,0.6856817603111267,0.07077300548553467
radegs,mp360,bonsai,SSIM,0.9597052335739136,0.94858717918396,0.011118054389953613
radegs,tnt,Caterpillar,SSIM,0.775037944316864,0.6551992297172546,0.11983871459960938
radegs,mp360,counter,SSIM,0.9279201626777648,0.8962944746017456,0.031625688076019176
radegs,tnt,Courthouse,SSIM,0.7528305649757385,0.4972516596317291,0.2555789053440094
radegs,mp360,flowers,SSIM,0.5941353440284729,0.4649169147014618,0.1292184293270111
radegs,mp360,garden,SSIM,0.8305084109306335,0.7871076464653015,0.04340076446533203
radegs,tnt,Ignatius,SSIM,0.7714223861694336,0.6790100932121277,0.09241229295730591
radegs,mp360,kitchen,SSIM,0.952440083026886,0.955524206161499,-0.003084123134613037
radegs,tnt,Meetingroom,SSIM,0.8744414448738098,0.7175467610359192,0.15689468383789062
radegs,mp360,room,SSIM,0.9465987086296082,0.9104470610618592,0.03615164756774891
radegs,mp360,stump,SSIM,0.7940281629562378,0.7514209747314453,0.04260718822479248
radegs,mp360,treehill,SSIM,0.6397693157196045,0.4772576689720154,0.1625116467475891
radegs,tnt,Truck,SSIM,0.8653638362884521,0.7631134986877441,0.10225033760070801
